dataset,method,dim,n_index,n_queries,k_ground_truth,hnsw_M,hnsw_ef_construction,hnsw_ef_search,build_time_s,index_file_bytes,memory_rss_after_build_mb,mrr,ivf_nlist,ivf_nprobe,nsg_search_L,nsg_GK,mean_ms,std_ms,p50_ms,p95_ms,p99_ms,qps,recall@1,recall@5,recall@10,recall@20,recall@50,recall@100,extra_rss_delta_vs_before_build_mb,extra_query_batch_size,extra_note
QQP,HNSW (hnswlib),768,8500,1500,100,16,200,16,9.457927750016097,27377576,759.734375,1.0,,,,,0.6274308634456247,0.018551447948755257,0.6312747500487603,0.653561219223775,0.661450530969887,1593.8010994683295,1.0,0.9993333333333333,0.9986666666666667,0.9978,0.9914266666666667,0.9740933333333334,18.5625,32,HNSW graph index results.
QQP,HNSW (hnswlib),768,8500,1500,100,16,200,32,8.779346666007768,27377576,759.84375,1.0,,,,,0.6083882746364301,0.022255532131230965,0.6084323122195201,0.6512226555059897,0.6616119699174305,1643.6871677015722,1.0,0.9993333333333333,0.9986666666666667,0.9978,0.9914266666666667,0.9740933333333334,-0.140625,32,HNSW graph index results.
QQP,HNSW (hnswlib),768,8500,1500,100,16,200,64,8.674363875004929,27377576,759.84375,1.0,,,,,0.5989841919702789,0.028880710899712784,0.6014609371050028,0.6387942503351951,0.650247406156268,1669.4931408968123,1.0,0.9993333333333333,0.9986666666666667,0.9978,0.9914266666666667,0.9740933333333334,0.0,32,HNSW graph index results.
QQP,HNSW (hnswlib),768,8500,1500,100,16,200,128,8.60674812499201,27377576,726.375,1.0,,,,,0.7240030827233568,0.030959069272868223,0.729569032046129,0.7698476565565215,0.7891862187534571,1381.2095885537856,1.0,0.9997333333333334,0.9992,0.9988666666666667,0.9955066666666667,0.9851266666666667,-33.46875,32,HNSW graph index results.
QQP,HNSW (hnswlib),768,8500,1500,100,16,200,256,8.613110250036698,27377576,701.21875,1.0,,,,,1.1915263305030142,0.05181190843842833,1.1988645946985343,1.2647460935113486,1.283595031054574,839.2596742514623,1.0,1.0,0.9999333333333333,0.9999,0.9992666666666666,0.9977066666666666,-25.15625,32,HNSW graph index results.
