dataset,method,dim,n_index,n_queries,k_ground_truth,hnsw_M,hnsw_ef_construction,hnsw_ef_search,build_time_s,index_file_bytes,memory_rss_after_build_mb,mrr,ivf_nlist,ivf_nprobe,nsg_search_L,nsg_GK,mean_ms,std_ms,p50_ms,p95_ms,p99_ms,qps,recall@1,recall@5,recall@10,recall@20,recall@50,recall@100,extra_rss_delta_vs_before_build_mb,extra_query_batch_size,extra_note
QQP,NSG (FAISS IndexNSGFlat),768,8500,1500,100,0,0,0,0.3326437909854576,26288232,716.734375,0.508,,,32,16,0.04784408397972584,0.0032541512427537262,0.047872406867099926,0.05331899956217967,0.056988281357917,20901.225748699773,0.508,0.4584,0.42493333333333333,0.3927333333333333,0.34152,0.2927533333333333,0.125,32,NSG graph index results.
QQP,NSG (FAISS IndexNSGFlat),768,8500,1500,100,0,0,0,0.3326437909854576,26288232,716.734375,0.508,,,64,16,0.048114193292955555,0.005106575868314342,0.046354156438610516,0.0598763126617996,0.061404936786857434,20783.887904162595,0.508,0.4584,0.42493333333333333,0.3927333333333333,0.34152,0.2927533333333333,0.125,32,NSG graph index results.
QQP,NSG (FAISS IndexNSGFlat),768,8500,1500,100,0,0,0,0.3326437909854576,26288232,716.734375,0.5433333333333333,,,128,16,0.058598556012536086,0.003663782554707097,0.058131532568950206,0.06618618863285519,0.06695443698845338,17065.266928865418,0.5433333333333333,0.4941333333333333,0.4623333333333333,0.42973333333333336,0.3775733333333333,0.32776,0.125,32,NSG graph index results.
QQP,NSG (FAISS IndexNSGFlat),768,8500,1500,100,0,0,0,0.7233931659720838,26341412,743.75,0.552,,,32,32,0.05589508327345053,0.006368230830438752,0.05391278136812616,0.0723789053154178,0.0791041566117201,17890.661243096984,0.552,0.5190666666666667,0.4858,0.44606666666666667,0.38650666666666667,0.3297466666666667,26.984375,32,NSG graph index results.
QQP,NSG (FAISS IndexNSGFlat),768,8500,1500,100,0,0,0,0.7233931659720838,26341412,743.75,0.552,,,64,32,0.05407658529778322,0.002983826276502798,0.0536328116140794,0.061024749811622314,0.062130218793754466,18492.291894787842,0.552,0.5190666666666667,0.4858,0.44606666666666667,0.38650666666666667,0.3297466666666667,26.984375,32,NSG graph index results.
QQP,NSG (FAISS IndexNSGFlat),768,8500,1500,100,0,0,0,0.7233931659720838,26341412,743.75,0.5993333333333334,,,128,32,0.06549836058790486,0.0042682551931487985,0.0641393125988543,0.07414193714794237,0.0766549383115489,15267.557707156771,0.5993333333333334,0.5644,0.5302,0.4897,0.42773333333333335,0.3689733333333333,26.984375,32,NSG graph index results.
